meanZCR,stdZCR,meanSpecCentroid,stdSpecCentroid,meanSpecContrast,stdSpecContrast,meanSpecBandwidth,stdSpecBandwidth,meanSpecRollof,stdSpecRollof,meanMFCC_1,stdMFCC_1,meanMFCC_2,stdMFCC_2,meanMFCC_3,stdMFCC_3,meanMFCC_4,stdMFCC_4,meanMFCC_5,stdMFCC_5,meanMFCC_6,stdMFCC_6,meanMFCC_7,stdMFCC_7,meanMFCC_8,stdMFCC_8,meanMFCC_9,stdMFCC_9,meanMFCC_10,stdMFCC_10,meanMFCC_11,stdMFCC_11,meanMFCC_12,stdMFCC_12,meanMFCC_13,stdMFCC_13,genre
-0.3446826179477862,0.24582342786213185,-0.24884771757530655,0.3711417050814507,0.1610059701127513,-0.6145770831539568,0.22483250211873873,0.17674122569529183,-0.018361101666100055,0.42473192577365837,0.23672571064968562,0.4417293278617913,0.017477658320922185,-0.38709577319594246,0.6342884092291159,-0.2261034038885712,0.5287575184208096,-0.7525893659819144,0.649038765728957,-0.5596372819551162,0.3019892798471664,-0.7768722450452185,0.0017095784078856868,-0.7853582011824379,0.3856219685747771,-0.537593429262475,0.0008466571487255881,-0.6902618327788006,-0.3862476935374709,-0.7242849957332231,-0.5624190854168442,-0.5494899504460443,-0.5652407338971842,-0.44707773392056405,-0.11646422048239002,-0.5018326348301567,baroq
-0.784875694192142,-0.9083893869907488,-0.5820868720712928,-0.8377579457791003,0.3362432337549217,-0.9023502450217857,0.01442681215581687,-0.6099189768816773,-0.30842117193698315,-0.7353172082694296,0.31253142396778233,-0.6538176852246693,-0.14196649365250102,-0.6641904011993263,0.5776446421453225,-0.6678248641067595,0.4085486111689056,-0.6773207881202234,0.11344124773196151,-0.691349115071106,-0.06536525272167017,-0.5714402526034542,-0.29290047187947094,-0.5187955457330702,0.23738465983166374,-0.6172006905409392,-0.24567394655659142,-0.7624097907195277,-0.786282302483098,-0.8602523851552607,-0.6357199636249311,-0.8143631007468876,-0.8286027498665456,-0.7577855401077795,-0.45519483686702733,-0.4784139880605067,baroq
-0.8245497482742512,-0.8965128019199278,-0.7012187188342313,-0.819137036334924,0.019256278140969307,-0.8371162035514441,-0.1256668788996187,-0.6098648762044114,-0.4727416978352035,-0.6243621892385113,0.559431761364648,-0.46153889442789686,0.03171379622636533,-0.5241144644937914,0.6378984006809116,-0.6825236659545084,0.558686676101475,-0.6172433564309907,0.4496723541206707,-0.5514543056000036,0.2178105758524748,-0.7934576549282318,0.0036958356809612125,-0.6784246535157298,0.34405743715232007,-0.75327827103008,-0.03469840056490134,-0.7709945498173523,-0.3039980568458563,-0.8180488826352268,-0.5671095483263626,-0.8083239364044775,-0.7019938849827383,-0.734063363830041,-0.31269151132694795,-0.5312791156668055,baroq
-0.7312088026158716,-0.8787298373156371,-0.5230588928750326,-0.8037826720510933,0.29720500239868297,-0.7022455116004291,0.045527541917785186,-0.5921005859212221,-0.2544259322226001,-0.7043663558475499,0.28591491513150147,-0.377356091051836,-0.2190900134544278,-0.7869404903656252,0.527818204368856,-0.7499021818487847,0.4073185208951203,-0.7677771090397518,0.07647025785161865,-0.5274227140040421,0.08731513023866566,-0.8127173694649227,-0.2493210533119836,-0.73682362625343,0.22771896941368808,-0.6519369270795282,-0.19551244854311306,-0.721942447551925,-0.5921074535003765,-0.7473252792891023,-0.5391042332051933,-0.7168785266382153,-0.7858501481690058,-0.6923840007431028,-0.520948760931987,-0.7913200785682909,baroq
-0.6528779778896557,-0.8897456008935681,-0.4766849848945133,-0.8329492522241921,0.38483521424363154,-0.7296114581181445,0.05469735513641916,-0.6479990577646596,-0.25764479202085466,-0.7490335320495229,0.19450060076971742,-0.7387963518386663,-0.1576610743897623,-0.8218629106329928,0.4203214846604044,-0.7584071923627114,0.36141904239801925,-0.7578714037226313,0.03818144902849152,-0.7790132538072188,-0.09380668507561249,-0.5388310532047641,-0.23195428837994206,-0.6723567905849673,0.2124137877756394,-0.7528238977013683,-0.14188747830965825,-0.8533691430175356,-0.270474028246243,-0.7308549019117058,-0.6835867733264476,-0.7744581509363077,-0.7274335230989177,-0.6696167333525798,-0.4044124897873972,-0.696020756551197,baroq
0.9919032542689576,0.9876724698327017,0.9976847472229469,0.9944821217646256,0.0784089369800478,-0.09142866759335755,0.8585495821619507,-0.40379187059161803,0.9985265782613622,0.7755640013950851,-0.35742275841142435,0.0586195277857402,-0.08527370246177546,-0.46004664040108134,0.2747088562429077,-0.3684105059402696,0.1740536004079017,-0.7661688299843121,0.4872279177163806,-0.8664909900822179,-0.33577995511109415,-0.6121887053616744,-0.0016412360114395758,-0.5086837800821746,0.576136924604011,-0.6782291440969783,0.40810788899346506,-0.5908629947493689,-0.16663550673885963,-0.598115411689926,-0.35429489915838375,-0.695484611339666,-0.8572796835845576,0.15723373184037936,-0.15850273188685632,-0.615961138519552,baroq
-0.0919603467068042,-0.8314402459616332,0.14932273355469983,-0.7214526684469591,0.10102451710791449,-0.090924664080414,0.6664007632062758,-0.6616574810236157,0.40330953190524754,-0.6000052520358259,-0.10739322119535555,-0.48469804912534586,-0.14361865264475604,-0.8234227795162244,0.3562512672392449,-0.8083010460915413,0.11813523614999669,-0.39215622865140154,0.6067251642856282,-0.6987941232913788,-0.047421240607176604,-0.03684100153680547,0.4666799848172897,0.5858328109858641,0.6111424992764832,-0.4930265220192307,0.16275018064265812,0.0008705257392167542,-0.5668847093083714,-0.21794690097461555,-0.25728589955771863,-0.38995008732130154,-0.27470404625596595,0.9999999999999998,0.297387672962924,-0.06452127143742636,baroq
0.45969792910157303,-0.7525963503672124,0.7301688171280032,-0.7835450322292838,0.4321569656625561,1.0,0.6901632194942482,-0.9190859041042039,0.7903434206052362,-0.6792495079278074,-1.0,-0.8476044140698418,-0.6932091221141095,-0.5817883654860385,-0.2798004492366338,-0.605907989687263,-0.2583347501935779,-0.7594290794234708,0.46538493827108535,-0.6219512518627622,0.4521887390149944,-0.7070253940486757,1.0000000000000002,0.7659364822029402,1.0,1.0,0.35355080308157644,-0.12811652684198127,-0.33364027825020814,0.9999999999999998,-0.0646931972870328,0.9999999999999998,-0.3474348619893529,0.6193603881941094,0.5702379093853115,0.8371034501780381,baroq
-0.28422691648933385,-0.8361761976985853,0.041469936654930484,-0.8402025773524171,-0.025504373623107313,-0.7485567754397171,0.793096019513241,-0.4852820315318903,0.36810608636518194,-0.6393011999885453,-0.002692534090559917,-0.9541950723721249,-0.005142728683823705,-0.5728723090327449,0.35241818093557853,-0.8346576109457646,0.16504349828762324,-0.6707076841825754,0.40749155788938707,-0.917951924703399,-0.36149653157953504,-0.9020865454286884,0.0690377822363882,-0.6511680225522579,0.47605377566317436,-0.5958805833211366,0.4044441862266298,-0.3547816700406212,-0.3800423628841485,-0.6158298571916873,-0.4269002871659769,-0.658553278474493,-0.8173302052269512,-0.35079895816030704,-0.37764456394965606,-0.7198446357453839,baroq
0.4971090465562884,-0.6519649865601317,0.538045852950872,-0.6027631590320367,0.131787751802662,0.27504769771838866,0.731892330681458,-0.7220653663650796,0.7074011107333107,-0.3778558709657782,-0.38970075063802967,-0.06822819057113305,-0.384932491786926,-0.5601068185945879,0.12685688440018994,-0.2504800643046292,-0.025048115536662863,-0.3794411307854929,0.5763935963693495,-0.5798080534824318,0.18889827793350167,-0.6634700412303058,0.3862676115505796,0.007631803046383334,-0.1604373763778265,-0.3114011670474346,-0.6372880236662908,-0.23540339605008254,-0.5528755785876106,-0.583085795579923,-0.1336336514710054,-0.2804778371864376,-0.12045271680096106,-0.40414757546769087,-0.1861178575962712,-0.28914425609478167,baroq
0.3412778325634509,-0.8992158744369261,0.37559622226181966,-0.8921028798866351,0.899630784607397,-0.7926006041969953,0.5264806093616188,-0.8305890710202719,0.4188144622010652,-0.8268959130438982,-0.4140637502519684,-0.9184992993069172,-0.44351321186925663,-0.9198654967416453,0.25622142822353733,-0.8433993051116898,0.06902436509936294,-0.8450812585999905,0.703770245639342,-0.9205983593974767,0.3152447361928682,-0.5821134423926223,0.48768750448117404,-0.35430305048737587,0.05766982482360661,-0.5757829428809406,-0.5762476406307644,-0.04322908312749796,-0.22005510615641527,-0.4257214168482595,0.9999999999999999,-0.0048582679111996985,0.9540638348133018,0.8371942016312965,-0.6571346421435055,0.9999955980648443,baroq
-0.7313748897077904,-0.8786819198940587,-0.5230505378462665,-0.8037812912457074,0.2966352680620181,-0.7029493063893608,0.045565574322139035,-0.5921254613260798,-0.2544259322226001,-0.7043437673110114,0.2859065012333064,-0.37737332204977014,-0.21907513276383483,-0.7868959026049984,0.5277825110000687,-0.7497811167680841,0.40735020449661236,-0.7679574709846372,0.07640982357751602,-0.5273526274036406,0.0873658450118735,-0.8126166964668681,-0.24934683802685118,-0.736961186443878,0.22773243963557693,-0.6518749227391998,-0.19551217697040857,-0.7219741172221412,-0.5921279472876944,-0.747327045619247,-0.539092209793605,-0.7169445505911104,-0.7858620720247805,-0.6922503353987844,-0.5209382025707435,-0.7913333985199984,baroq
0.5113302538018378,-0.6882823581405542,0.5295319708789119,-0.7766876117533481,0.9096789656774273,0.47858814907144787,0.7650578971222757,-0.7029161752771941,0.6413918168423438,-0.6352521963906967,-0.4694883025636166,-0.8757917271506557,-0.22567075604443698,-0.7094653378293487,0.09691581223831716,-0.5930640595646255,-0.1625975865792958,-0.6005246597633823,-0.011258085703919063,-0.22872059600531158,-0.1584136481867763,0.21732093249323858,0.21610006686009287,0.5968104242795023,0.08847119664610881,-0.2571345412100279,0.06403230516368599,0.9617768676586638,0.05469166046970575,-0.37281505220577116,0.2396334594494911,-0.23470407010737881,-0.21263073712979802,0.4110507053163184,-0.891778378239402,0.573127748436727,baroq
-0.8641407588104011,-0.9552786055368868,-0.7204475929200096,-0.9019313957534654,0.004250833850795388,-0.9873700754737538,-0.20954364596838415,-0.7483625639718727,-0.5025728210359288,-0.7588585120536512,0.584036496948807,-0.7948336419920913,-0.09158829433833021,-0.8614306478836998,0.4623521854674766,-0.7353686854460092,0.5075882806424927,-0.7996551425761304,0.09810601025018761,-0.8305775201358323,0.26736073034681374,-0.666148648727703,-0.101370541268794,-0.4816932495209265,0.34355457392461286,-0.9122762782850813,-0.18049839785013216,-0.8559345573837435,-0.49729782628824615,-0.8641209945882746,-0.637835161571777,-0.8011976345077398,-0.8044331099181057,-0.8938731811384302,-0.7791804062908377,-0.5100323738061112,baroq
-0.19157108008511958,-0.870604707492136,-0.11021940278910902,-0.8337412049354266,0.31093062182532627,-0.08877168617060338,0.012839645013444256,-0.6082982627412787,-0.11043862631757917,-0.7424479700982124,-0.21890292165864922,-0.4197641576846799,-0.9542944047273092,-0.7265544918451075,-1.0,-0.29701679726203256,-0.4873852726107254,-0.7153802077050027,0.15049173981405406,-0.31673193103859965,0.23271298928275913,0.29640034610891286,0.42046491255101315,0.8550341099926246,0.5203629119038538,0.22165777161712819,0.338968782085303,1.0000000000000002,0.713432355860482,0.008317124200546422,0.6941217579749054,0.40088371851904325,0.38429276213505176,0.7538863782027698,0.5325919482829721,0.1845309484212192,baroq
-0.3188768360408988,-0.95724275158581,-0.19173221693487075,-0.9215746693633173,-0.1294232377668445,-0.3990841280626487,0.4098715978903087,-0.5598616716669359,-0.0980165476595265,-0.7235914322740485,0.1530579638833216,-0.920200830298264,-0.11309602463062118,-0.6074268581598262,-0.5005226525954619,-0.9405893048012676,-0.10453838849392988,-0.8742438719989466,0.8516770051783575,-0.5409429961259532,0.1032598061945077,-0.02121103352369036,0.43798317705504597,-0.2986731500026112,0.3161166092787929,-0.3377135880114308,0.025909724735476328,-0.024277902187668676,-0.22677891597569,-0.5599388168880777,-0.5484920581176074,-0.6768067539579289,-0.5901908319472344,0.28836723216887106,0.6356776208779858,0.13153190471313736,baroq
1.0000000000000004,0.9999999999999998,1.0000000000000002,1.0,0.06839250763105564,-0.04534841157550584,0.8614473907294884,-0.39469895748401385,0.9999999999999998,0.7803588391266929,-0.3574271955963233,0.058604870776967966,-0.08526664414344892,-0.460064842888371,0.27469635827257344,-0.36843881959082503,0.17406945960551168,-0.766163144891654,0.487198783662293,-0.8664861396273269,-0.3357494107912782,-0.6121742459602969,-0.0016668536285296687,-0.5087117496414824,0.5761663208234825,-0.6782317814028523,0.4080699042019419,-0.590820526046557,-0.16659123460817205,-0.5981398466994388,-0.35432069871161526,-0.6955400748593659,-0.8572416157799806,0.15727479021695023,-0.15856097115154555,-0.6159763745650274,baroq
0.3412778325634509,-0.8992158744369261,0.37560567328401717,-0.8921208225935703,0.8994357500564503,-0.7930543709638562,0.5265098427369996,-0.830594245850627,0.4187691261475688,-0.8269661347277618,-0.41407213081292316,-0.9185903332252277,-0.44350359823372054,-0.9198775972339166,0.2562159151261123,-0.8433922360459409,0.069023053405661,-0.8449983449209418,0.7037716670231025,-0.9207301972554693,0.3152447579783023,-0.5821658691580294,0.48769809325149016,-0.3542565149249759,0.05767194533177761,-0.5757229710374944,-0.5762661697493712,-0.043209338242085504,-0.22006274479402693,-0.4256522062614514,0.9999846919879155,-0.00479981916620198,0.9540576995492623,0.8369960482934802,-0.6571678410942525,0.9999999999999998,baroq
-0.2714797321845641,-0.8087974440754976,-0.028298125276917663,-0.7749807716111317,0.07431147223532619,-0.5536523244483429,0.5600835853902266,-0.5810744865427445,0.25177377309305204,-0.6261188770225619,0.05260932491459047,-0.707279943013134,-0.15732838302801083,-0.6652923302930759,0.46765677863712696,-0.8825750480878987,0.20700683184984792,-0.7426082456932933,0.463307480275677,-0.800967825378554,-0.5486521741902584,-0.6778886347969036,-0.12360079012728388,-0.6046782735527527,0.2482749204217209,-0.589410831150501,0.14842683694101466,-0.6779082946294583,-0.07649412175514461,-0.7849146586490486,0.0873673405710012,-0.3705032114035147,0.009823588322207671,-0.08354133211692338,-0.11129364605771558,-0.2186352769040869,baroq
-0.3443296828774588,0.24758709575015714,-0.24823091315313972,0.37682770498227525,0.1674377346837881,-0.6427514958308969,0.22323491157879394,0.16725448612952776,-0.018383769692848384,0.42907668279548083,0.23670470864053827,0.4416407855332076,0.01749349398387645,-0.3873509657817421,0.6342115303749077,-0.22576885365848987,0.5287841415100314,-0.7526001692497182,0.6489844470130632,-0.559661888950199,0.3020284581670285,-0.7768385857590486,0.0017268708990453435,-0.7853781526253466,0.38562853169127526,-0.5375250855984581,0.0008620753784405744,-0.6902664596213318,-0.38629126887205956,-0.7242129156543757,-0.562320008044175,-0.5491403872455195,-0.5652486644348869,-0.44713762577309035,-0.11639756352657171,-0.5016378701129145,baroq
-0.5901593398038095,-0.6575532629512517,-0.418965120239992,-0.5269090919244356,-0.7150046097934735,-0.09819635930353954,0.2016640862549064,-0.16928484341463323,-0.15450527031621908,-0.31764781215279025,0.42534779395867184,-0.1579523586528666,0.03635391033603963,-0.34749027783534503,0.2571340781606383,-0.6103787784787154,0.10921570266137348,-0.11743731656216116,0.6416819930573121,-0.7252465465676149,0.11074071959550506,-0.852546288128646,-0.041685335541433194,-0.9123971035116405,-0.0549670137659527,-0.3444976922656251,0.24753260152178835,-0.8358080639217526,0.10110726830111628,-0.8556324425972356,-0.06481334590563198,-0.4890549931773245,-0.1464841713735094,-0.730176149793926,0.1990893365511772,-0.5487931919767084,opera
-0.5255722219338764,-0.79158783000763,-0.3112096111709155,-0.6033437786796094,-0.5338425843430112,-0.375584945828046,0.11314777452252134,-0.17833513502667175,-0.032211266009293915,-0.3393711369629254,0.3288323538142581,-0.33867562312504695,-0.22340607110112376,0.18200083157614144,0.9008728542392231,0.36528777875404295,0.5464478042462556,0.2435662398575571,0.6084342041002547,-0.1130668268970465,-0.47096565891098685,-0.23702304725198609,0.3434016833597803,-0.014311349761864767,0.040910668229281244,-0.2733949513795857,-0.6057102054202423,-0.4279558636285764,0.2895900167106432,-0.7367577274784193,-0.1541109478232337,-0.24779440180472534,-0.7305089298527226,-0.5385309728692862,-0.20752938496555423,-0.5860854349882569,opera
-0.40970571443400616,-0.6384708567701345,-0.20165193077460453,-0.40630488324542324,-0.5202092520893205,-0.40081976461931923,0.17619293518105872,-0.18409568827428857,-0.005553666553326675,-0.20600880399391064,0.28355177351240957,-0.09665602684081254,-0.13760118101585145,0.21932832935643343,0.9426234725445514,0.13213747868966608,0.2690452746765739,0.4903393266320717,0.402808723088929,0.3036170557476965,-0.654011736263713,-0.17829533754616222,0.4884936579574837,0.14247967018032726,0.3186310880455813,-0.02420000770336239,-0.7158493504977368,-0.13786308040265038,0.21085566344406279,-0.587148429658513,-0.21274392910861167,-0.028792468771462243,-0.736096150919267,-0.10788892793582994,0.011298528983747336,0.1120766148287673,opera
-0.2574453729174234,-0.6256603189972827,-0.10644343917218801,-0.49614480863971866,-0.5540540277793369,-0.3383627290096265,0.11722792058812237,-0.36363526173269545,0.0586195171710302,-0.38256543073539173,0.24366733730113577,-0.2310105670127376,-0.37137480696257796,-0.03804536422387206,0.9886038423658902,0.4858033261938175,0.31338114794562755,0.7181974248437579,0.4153378068583356,0.16335915121432554,-0.6421349938996601,-0.21983881996888144,0.5024975864542816,-0.0036140145619554254,0.1912828787997471,-0.06281970315971241,-0.8819539996307939,-0.41152076321285835,0.1820796059760056,-0.673634128946265,-0.2888487990173749,0.11902734512565871,-0.8328478718490117,0.1030204900868803,0.23145160029345882,0.021097590556218293,opera
-0.43262573311880403,-0.25114806679141466,-0.19370181960853428,-0.09302565034395827,-0.4093761730112413,-0.6249923681135967,0.5039560737750977,0.4826035329497609,0.015368922135328145,0.4245714669792846,0.19024656827742437,0.276826877490038,0.17362981268661157,0.42518411799484146,0.26614922380368833,0.2082612313906258,0.4705244308891272,-0.2943667235472731,0.20955170271700257,0.8783848808975803,0.11219829413675755,-0.30939232258288296,-0.043905836053316966,-0.35439983414612874,0.09090817726452322,0.22429523698042897,0.11151516105449358,-0.46815769976012855,0.25564087042043054,-0.5500530888795763,-0.05931003674158028,-0.5698801635259005,-0.21109071811557328,-0.25739339267663475,0.19675197516664725,-0.35604132372880914,opera
0.3229044480199308,-0.8276969433896867,0.19151612515694083,-0.9217176837820615,0.0466317881965157,-0.6707711921829351,0.11442360179092859,-0.8528567988080209,0.19428765725943542,-0.9802000812486902,-0.004762852221365854,-0.9656261563902189,-0.6389798241511071,-0.588620527472754,0.6609108976237972,-0.03374752514754409,0.13748828375967642,0.1258507787717762,-0.9753475490086034,-0.1487634062322727,0.6639944196005745,-0.1875808408795565,0.40565100821233846,-0.1754669157720945,-0.5076783143208059,-0.7803558204942668,-0.1356485516802478,-0.4879596602339963,0.4010338323091455,-0.8396204251656849,0.0855069686314025,-0.42589697475712907,-0.07997828222844995,-0.6600672917143038,0.6190595288454206,-0.32068191409804525,opera
0.4500441168837912,-0.7541104870515957,0.6082125910132274,-0.8851753345530929,-0.14176713812103614,-0.7218315047840722,1.0,-0.846653111701475,0.5448033548679585,-0.7280146069158453,-0.3894748915233003,-1.0,-0.24123008084872488,-0.8800970628681255,0.3348963830102305,-0.7065095209601071,0.1530042280543594,-0.7589301075045171,-0.372962474378125,-0.6329100431952163,0.5609384684709394,-0.4552961419780487,-0.14558314687291454,-0.22448581432485293,-0.4388910218447084,-0.7050664631804704,0.27076916074184204,-0.7213972975182491,0.18164289465055197,-0.7612068935270366,-0.44052606265569416,-0.5891450224692333,-0.6258836312992196,-0.5049765793164889,-0.7929226653193637,-0.3321614645017277,opera
0.36681372294597003,-0.5640679812162691,0.4779303480209687,-0.4561958687410981,-0.14737294085933517,-0.3008078869272004,0.7033608535895808,-0.045928051913196155,0.45886886546526107,-0.09307803990743202,-0.24977059396298662,-0.5497734938908957,-0.39037077245871277,-0.14509442269140416,0.3652690954805602,-0.570821392289975,0.360786172418144,-0.1454102368199417,-0.6125958941480392,-0.11373755872147306,0.10065937732715656,-0.12158046518451826,0.08491444943912146,-0.04192510707505126,-0.42190978932737777,-0.605873702321205,0.3335097607062878,-0.6849219562275954,0.5526406665941814,-0.4822192252017633,0.06201505881014341,-0.5998858727191471,-0.09748873910960103,-0.6634355126805946,0.6355468280298651,-0.5450916564026469,opera
0.5470805003373647,-0.7488514029722738,0.5703457372943916,-0.7074998946537696,-0.13398823280165395,-0.27597178955267454,0.8759913114707678,-0.1551977729824574,0.559016207639125,-0.21030719448201862,-0.3091132636284465,-0.8987059332388958,-0.2619289954861267,-0.35934987860888656,0.5714321814945519,-0.25010033474241755,0.3684089665639419,-0.44952617523025695,-0.1878208844837671,-0.4880391775927784,0.3655467509110036,-0.27405741835226216,-0.11077398402791186,-0.8296130553054117,-0.20402843775266344,-0.5145419885964385,0.8269010554427002,-0.6801599716478756,0.3447578047991283,-0.7264037814452358,-0.5549614639399828,-0.4856819111812767,-0.7394013869019423,-0.64961999302471,-0.05151604769432802,-0.2518820767298233,opera
0.22684382623138033,-0.8405672837975975,0.4304240532203276,-0.8851210825498398,-0.16186020841940962,-0.9645505992721999,0.9788423133189834,-0.8312143017835216,0.5126600929389096,-0.7719389153232389,-0.24401514361504995,-0.9396197756337175,0.04554045162547432,-0.8951525587535223,0.8283331064207125,-0.7250044518135479,0.2939776945401307,-0.9541784424476623,0.03988647035432591,-0.8421930629143595,0.018562940778822878,-0.6232398002580182,-0.50451844851085,-0.8394377963103494,-0.3312363289627359,-0.8194830944067197,0.30225395948317185,-0.9112453320727347,-0.3618533828132524,-0.7914490870361237,-0.6142994895337619,-0.7878932624757604,-0.6185513720879812,-0.8657026312126544,0.3891874791241775,-0.4482630085797874,opera
-0.37397622878496906,0.1273280181137466,-0.23978436404170966,0.2415143340498236,-0.2272992058545702,-0.2689477192579357,0.28675667380739034,0.6410821606009973,0.11866712002720159,0.37400208493815734,0.15286767346180863,1.0,-0.03693783184760907,1.0,0.7659650498650334,0.13791971520005109,0.9270832611511406,-0.28737301449000574,0.758808430352226,0.9635330320016608,0.5914141208152232,-0.39355056336646954,0.06893102784779775,-0.45089245990140947,0.14627707340814922,0.09203731786092328,0.036508494229244404,-0.12900946203886665,0.9999999999999998,-0.7386185996328354,0.23759094591695507,-0.8143949887344852,-0.2753111291328906,-0.5370109980506415,0.33283768793119994,-0.9615341083801912,opera
-1.0,-0.9676864746463796,-0.8688347371736359,-0.7549076377794917,-0.8130778249388579,-0.5504213488151875,-0.16856355623979646,0.19791591775141093,-0.7098945936756207,-0.3526707602159289,0.7813129250322517,-0.3362819804421586,0.5848535865723701,-0.45499894732365564,0.3618340358321608,-0.43816818709208527,0.5134951523985909,-0.9275209425794567,0.906456660338811,-0.7222563556215937,0.10993383875534217,-0.8181393329337608,0.07864481598778292,-0.8622516935466039,0.481860977373442,-0.9303424442662824,0.4680674346135087,-0.901922906957483,0.08256239906581347,-0.9599811741080193,-0.17964480947915512,-0.9600758132327201,-0.2248462395071736,-0.9279691298800826,0.24306590057977867,-1.0,opera
-0.4682721752218819,-0.7497121004074397,-0.33078784221109947,-0.6753215407406954,0.04226142451833059,-0.514143585913017,-0.07665941215199013,-0.10025347674056362,-0.08337300238014289,-0.47349209594482033,0.44542432827605993,-0.1907455014155348,-0.485058168453109,-0.0671200447261111,0.6105559044184495,0.07416723954295712,0.9999999999999999,0.4864956895153314,-0.415586403728583,0.552648267245099,0.07508091939586863,-0.08117849843049596,0.024124906569964494,-0.11889392134267163,-0.27547244047070496,-0.21269817639704014,-0.10098643172470617,-0.42294432539064797,0.32513267970155235,-0.7185186693732819,0.0007716233609354473,-0.07637787716365518,-0.14171016522041718,-0.035595419759743674,0.26048698229595435,-0.44085782817056507,opera
-0.23709970415736736,-0.8046916801954627,-0.2355924714065014,-0.8421925830038473,0.2761220977042189,0.20808071028188202,-0.37265782194025565,-0.7879257509391477,-0.05281650232347279,-0.8411292780055775,0.502726479124119,-0.655880806613976,-1.0,-0.3222947119761811,0.31105759111956177,-0.03906272301825231,0.28233675710199163,-0.03238508555480446,-1.0,-0.12041256296608771,-0.05056200538454317,-0.20166660006454173,-0.2214398646986675,0.1849747416566605,-0.4515239248708016,-0.44759206222418935,-0.05332022736071601,-0.5400747823359139,-0.11486610675228265,-0.6529048220463368,-0.3014139702079728,-0.4603560282506072,-0.0038584207609237697,-0.4829176246322231,0.5212473736199853,-0.5624474104826553,opera
-0.35896610785280514,-0.9395053101421273,-0.2941466320414843,-0.7994970907983122,0.5202009219548929,0.07614936550817086,-0.2561785029997212,-0.27992740090030166,-0.09441233140655125,-0.5713633271928517,0.16146195802851215,-0.3786905334404739,-0.6142505685942873,-0.2599057391287991,0.015378308866676182,-0.7627326823934895,0.032343543997340074,-0.7089148110265655,-0.8324826168742001,-0.16799557152785205,0.9999999999999999,-0.21050015528868515,0.23158519667902983,0.3383094866794363,-0.08824351782001638,-0.5384549955416243,-0.06533602847299355,-0.08327954783990621,-0.10510922762742003,-0.7538471007086996,0.02305174297767726,-0.5171742611767027,-0.015035675298095325,-0.5102650411636733,0.281495765974795,0.15472205792575422,opera
-0.6494316707323401,-0.8467400373246183,-0.4278126184306239,-0.8619679743605327,0.5818488481023305,0.07743537538506073,-0.19477184690824734,-0.653564085920877,-0.17803468208092488,-0.7992829864193465,0.18948839085959546,-0.6177719970444787,-0.49831867581738754,0.3551910132268872,0.3472854935371337,-0.36886594622876623,0.36986378156847205,-0.474401096076175,-0.5509362247681406,-0.26497488006300074,0.4192126024697857,-0.41750101402868356,0.17173070545477165,-0.2732786719532527,0.13303124556814333,-0.240890682005253,0.04661701763107284,-0.5425496538398591,0.1685233775563088,-0.2525698790875479,0.006619687058395385,-0.4282732987653659,-0.005102506121134859,-0.694202815270272,-0.23717653930170862,-0.6011964330868559,opera
-0.6260133907717859,-0.9085764764671168,-0.5340803821124132,-0.8881394619936523,-0.12829136226057525,-0.912312353021616,-0.33048095263044575,-0.6150388923519426,-0.2765725943556614,-0.7978183618238218,0.7506250104065999,-0.7611166496710398,-0.4944820234442878,-0.14947919766324036,0.40301210538166465,-0.3030985177018697,0.3563585530113353,-0.30332785141719665,-0.06884326262604501,0.3755357529162249,-0.008609958158258733,-0.3892317499634288,-0.10672387745759718,0.05969867074440538,-0.18602874735817543,-0.5012616859359637,0.014679107417732706,-0.5378884743082648,0.353537827278507,-0.4743149398919906,-0.20658382604375267,-0.41448566852888535,0.0680133373577658,-0.5139660431803976,0.3938691748530233,-0.453669982020001,opera
-0.2553277624954584,-0.7775599656408263,-0.17982732285346525,-0.7719235451272937,0.464267075708479,0.3101809741150836,-0.2822484436419277,-0.6395083475448152,-0.004737617590388821,-0.794357299231332,0.24362439095943378,-0.36645966062450797,-0.8330813088516549,-0.019072524444383898,0.3869226853005179,0.3230217453981661,0.17207393579858798,-0.08475606202343289,-0.8709645640347587,0.08721804725691196,0.3371505165110261,0.3910004885688536,0.03660390063164837,0.4086799534498684,-0.16849367860708508,-0.7685674916400235,0.011662213786109182,-0.4889039389944563,0.2835520535345091,-0.520241053585468,-0.16419272085809997,-0.28522192695106074,-0.30295997420337356,-0.40600183398519163,0.5975521915657583,-0.35164794914129605,opera
-0.6584626563554263,-0.8326411391738713,-0.7693170883867364,-0.6673839576052718,0.5211322891383743,-0.6501468676948257,-0.8428275873723401,-0.6284512016695528,-0.6076617930409158,-0.6283269371962509,0.9999999999999998,-0.5114062145697171,-0.35643055181954253,-0.4704379152624012,0.06860521596810151,0.40736882357177384,0.4416102793391181,-0.6240751499114326,0.3336001183735772,-0.6885211088375642,0.027839297016839674,-0.6858474065722528,-0.5184104304505787,-0.6220818295327547,0.17732084982313223,-0.576057364081723,-0.3868926172454541,-0.6524502102480032,-0.6687810763529837,-0.5705559807846594,-0.8152393182117968,-0.8304306875287322,-0.22511593350590534,-0.9330977513942561,-0.038007596686253226,-0.7876953238767205,opera
-0.6301240462967768,-0.9364411463471788,-0.6656467305266286,-0.9679926439861308,0.5228438557314439,0.3834002538850516,-0.613467323283226,-0.9121559370654821,-0.46451320412558095,-0.9134627098261463,0.8324814775396558,-0.9279699071077039,-0.4670117182224647,-0.9568814497323526,0.4014233407876463,-0.3607668814888123,0.11257378113419189,-0.6831227613144469,0.17555878576258216,-0.7933348892459136,-0.3402475870888377,-0.6995005043990764,-0.6198642253457003,-0.3680237860062796,-0.11681057765009673,-0.3420948884647328,-0.5992655769710915,-0.809175201023461,-0.0668076920374836,-0.8721713211986319,-0.568343549083961,-0.49153630007375115,-0.4721166869256647,-0.8450407022783187,-0.7887016049654548,-0.4605290843769474,opera
-0.5641874708050033,-0.9553221137820654,-0.5717574295283956,-0.9356908481225157,0.39947551081452826,0.6982087750543888,-0.6037993755585909,-0.8353523648080791,-0.4120367222033323,-0.8846019704783393,0.5571587064693762,-0.6401189003525994,-0.6647631523991401,-0.7420979274140247,0.12073390738501433,-0.2336000117973056,-0.02875878532850823,-0.15349122496475354,-0.14786715973375286,-0.3679727528614475,-0.43150667736917003,-0.6360709027862602,-0.7448292950989229,-0.526530362620004,-0.26888037078974114,-0.41601263968921964,-0.6734406775579495,-0.18491389732079,-0.48404291362740504,0.020606126718976325,-0.7573551344989423,-0.5318916169395195,-0.36458463906227057,0.051647963803169716,0.22997170481000528,-0.5070372063114756,opera
-0.6412518814553381,-0.9262968879096096,-0.5671572032533058,-0.9201473717386114,0.6729804843689369,0.5281366496571636,-0.4886667750902127,-0.7803001654790768,-0.361010993992973,-0.8410975844569712,0.5250855674395858,-0.535811263043517,-0.5912696508322666,-0.7483191681579897,0.3326845628577303,-0.14452823577958696,-0.06178277534601634,-0.3410000714120016,0.025396280237081514,-0.5425369847518907,-0.44035800090859617,-0.7175780294333434,-0.507883071497991,-0.27921796627954265,-0.2692814553694587,-0.5264372469931047,-0.5367895804995964,-0.522929626296026,-0.3913248896534195,-0.5049276222524781,-0.7044063030723338,-0.7916006327276662,-0.7982205200918527,-0.4452344293177328,-0.8042420186385199,0.07733263433850479,opera
-0.8637670628535838,-0.9270754014553629,-0.5682868081545356,-0.7149014329200797,-0.7534333702460301,-0.4050269903582264,0.320424655759608,0.06894468937141007,-0.24132381276209913,-0.22479419715276483,0.45453991461702925,-0.6306296675262132,0.28134527079456473,-0.44829282695735084,0.6552717696486487,0.10724746214408643,0.601094165348611,-0.23083815724659917,0.7206093858278568,-0.6172033201473646,0.1507197081902695,-0.6956040194050449,-0.09226420380860488,-0.8101020997285605,0.2592925563671377,-0.7587849203589551,0.5953465484719627,-0.6974857732272862,0.014909185937007768,-0.7167866040517434,-0.18770853111321384,-0.742596224129407,-0.3871687702001832,-0.7320712592353815,-0.006864467785918177,-0.4595841476283078,opera
-0.4910468677012507,-0.9235844404341106,-0.5992402061579436,-0.9498297828744615,0.5542517395810149,0.2851970365786949,-0.6531921766263706,-0.969956169658554,-0.4790207412444748,-0.8917143874712157,0.7671494185914718,-0.3482006232995172,-0.5218828926185978,-0.5641820880670413,0.19489527016744196,-0.0540812392294292,0.1615354166939156,-0.27807231144522837,0.2348556627983041,-0.908112495017342,-0.26162713392327513,-0.38299262740491236,-0.5861555285905408,-0.7670059037021295,0.28257851966628605,-0.5946239071181635,-0.1268085122750333,-0.8111902231150675,-0.3595028450746065,-0.8264073875141755,-0.41995581290810224,-0.7588369125954562,-0.21233970087352866,0.03016775357117374,0.1782378076870466,0.12928615693655443,opera
-0.6323454611511911,-0.9094891940626504,-0.3576677358416882,-0.7916891287509291,-0.8684530449038919,-0.08959243423148067,0.3173254192429438,-0.49545787722183543,-0.045358721523291345,-0.5938914024710275,0.3813656145825015,-0.6197211893863633,-0.07999890976376955,-0.8201378246970424,0.577131231794515,-0.19372543615916848,0.28969254509237313,-0.7471523350009737,0.7978695635997002,-0.5252475724263802,-0.18081568604685813,-0.7464619213635966,0.06094706283402551,-0.7733282100056846,0.44455049285481785,-0.8393481230291561,0.9375727752389474,-0.5999362068052124,0.25852180236663935,-0.8567669938450131,-0.24027655208810977,-0.9029862470511125,-0.6509113348281617,-0.603547090897224,-0.17623026001224007,-0.5540290728617479,opera
-0.582872268645871,-0.9063216457840284,-0.5663131182033552,-0.9310966810619526,-0.022570927012488973,-0.8220427186326971,-0.18737533920733918,-0.7393539361244715,-0.37767199365295256,-0.844425310820816,0.5582626731375819,-0.8067607917980264,-0.1482188123782327,-0.7898994855169088,0.4694471834804278,-0.47435107542269805,0.3943484893532223,-0.7139097790277404,0.6900430109523871,-0.6645447329762454,-0.1006933617933036,-0.5202028264205341,-0.18704577776385722,-0.6663596826526569,0.2869998792884826,-0.6827969947377005,-0.09917887343087686,-0.7004753720590353,-0.21846695422377477,-0.7324481715485444,-0.4645004162826277,-0.7983545443073278,-0.41994964279372493,-0.4460526513504868,0.46519656185059505,0.22927449231625974,opera
-0.5838065085379145,-0.9446250149993455,-0.5465613318937862,-0.8793209142438881,-0.22887479577854908,-0.4680639745601831,0.05931439410065287,-0.5132750980982911,-0.44676413918168434,-0.7892031675711351,0.5328888981430266,-0.8422308194962909,0.14033537296056572,-0.845557697342606,0.15754677760521596,-0.6288565263319045,0.3153692987607153,-0.8741588585224864,0.5919508816656143,-0.7151678264645585,-0.2403084813269879,-0.6682022248858966,-0.2172166947646377,-0.4256722376459059,0.36420020249842755,-0.7991435990782586,0.2961975175229148,-0.658781031566442,0.09004842990492126,-0.5555573636864468,-0.4891065075243173,-0.6015741516122328,-0.9798647523643896,-0.5085197844188176,-0.3028589789514472,-0.20184491833293294,opera
-0.3928478746042454,-0.7327129727212935,-0.3042701134540915,-0.5321478611062375,-0.705242653625135,-0.7779551868063144,0.005677086105600138,-0.07184770584863931,-0.04637878272696372,-0.3025320064131416,0.5009226641226006,-0.10586050640282219,-0.2143857392079349,0.40323949587454466,0.4903762308122088,0.0606943826595836,0.422684255176499,0.3927630181404034,-0.12401220614811526,0.4602490351225741,-0.6491936208078816,-0.3831783628293036,0.3597880544707432,0.02399401086164321,0.14050202168555176,-0.018443962087508314,-0.7519070382333767,-0.4896216143530653,0.6928000617924677,-0.5029043349548915,0.008716315925538454,-0.3583144185256413,-0.6436818907729724,-0.04661776891274538,0.10841615214949915,-0.679803493656117,opera
-0.5849483572948564,-0.7754548269512704,-0.4919006084991816,-0.7254020490782987,-0.39119995991806267,-0.5310207829865425,0.04150682759580082,-0.5405289392736424,-0.3189164683214327,-0.6817381542478107,0.5191109756521293,-0.5924454083981012,0.050910539137608235,0.2711954494626845,0.5006739849027868,-0.3682933136993267,0.5919148193526085,-0.36545151050932956,0.30701650593800606,-0.4154739793689842,-0.8064896766144916,-0.30413187958207066,0.3151079204499712,-0.06459087591209056,0.02298805715124963,-0.1476592092689375,-1.0,-0.23861617133635904,0.11815192939583471,-0.770460519479174,-0.009938111094994484,-0.3040290724181176,-0.9029479711406364,0.3044359376586543,-0.03687911347895084,-0.6539334618086077,opera
-0.848030310894275,-0.9480538454920484,-0.6881235146189679,-0.8565828503415327,-0.5874454779261811,-0.9359857871093187,0.09293837033859331,-0.23333677298970845,-0.5211152669160151,-0.5202782961202556,0.5601998722096673,-0.5647482931730093,0.40101460308645165,0.030390007055774104,0.3697284266858475,-0.4705786461126811,0.6509131378337637,-0.3742326731222252,0.5307633656931716,-0.2548607077635572,-0.24969278569788672,-0.2916353866825032,0.17868632947931723,-0.44892681152080005,0.22656041735057814,-0.7025632401589827,-0.6782975469537463,-0.24097460685500005,-0.07853827483909742,-0.7995199671428248,-0.26579946393151493,-0.47242286359044616,-0.40070633036670034,-0.25139078924556824,0.10112075470217873,-0.3450655041400852,opera
-0.5904084704416878,-0.6585572431238864,-0.41944030177153957,-0.5321298210235966,-0.7131373963432073,-0.09823182361374183,0.20153936292290497,-0.17013221228505837,-0.1548906267709398,-0.3217367599955666,0.42535162787439584,-0.15793933992567344,0.03634944736417034,-0.34749982393957735,0.25713867644982596,-0.6103728082600266,0.1092139044877457,-0.11742718243937733,0.6416802481224525,-0.725260544599735,0.11074522545332326,-0.8525040693538933,-0.041687758457148616,-0.9124117897579093,-0.054965005045861104,-0.3444466908295236,0.24753245895915474,-0.8357986901879638,0.10110861592895568,-0.8556316223639439,-0.06481520949750352,-0.4890326075194562,-0.14648149194254784,-0.7301826378561851,0.19908625199532148,-0.5487794714013705,orchestra
-0.5838065085379145,-0.9448219224424854,-0.5465721442729661,-0.879332852088202,-0.22924148925303278,-0.47061139057426526,0.05927011936047255,-0.5133421630337418,-0.44667346707469124,-0.7891573755827641,0.5328961415412039,-0.8423695393826895,0.14032016304285283,-0.8455525905006833,0.15757423465731968,-0.6289658945281231,0.3153545492286516,-0.8741494296817601,0.5919864329150004,-0.7153066864396344,-0.24036034927540845,-0.6680582754239167,-0.2171610725086327,-0.4257463906754486,0.3641389761546966,-0.79909346753908,0.2962775863476761,-0.6591873303774789,0.08997493674230353,-0.5552920799199973,-0.489056851222079,-0.6017046461976222,-0.9798829312245304,-0.5083883486626162,-0.30289972216687533,-0.20170105852494724,orchestra
-0.7042611719520423,-0.7557545205428225,-0.4539105717785774,-0.3750032913266452,-0.7521114738498129,-0.28020664593020594,0.34674365811469876,0.5408309618478804,-0.18964071177603992,0.260239060543078,0.28148611731139295,0.3947010319375588,0.3714762506412346,-0.5320828597856103,0.2344597588659878,-0.7823774667374569,0.386937611532061,-0.5748893661647694,0.7192247978648771,-0.6778473004661512,-0.07981265145744838,-0.5627630135800703,-0.2845107851534187,-0.44864997059888334,0.15196258882593128,-0.33442447957474974,-0.5099963910078019,-0.02868089740320734,-0.43448079641425474,-0.49616449731695733,-0.30478016509151795,-0.7372977675937432,0.09271682740505371,-0.2506030894031712,0.6708726207033701,0.33295637480377493,orchestra
-0.6918254009446202,-0.9051781659765629,-0.5521656772556366,-0.8117861931761535,-0.5367899062664394,-0.4211125724113738,-0.09913737479608553,-0.694556981424955,-0.41119800521364624,-0.627661778467302,0.5129436233042977,-0.6346635162410891,-0.11705544836676618,-0.2042364811083317,0.18237639434685604,-0.03832384690632851,0.21021777781720746,-0.8057676988237891,0.5492937041616123,-0.7409635184265592,-0.5976590655799768,-0.7084157210912188,-0.5542496116651598,-0.6707234873376235,-0.08690131965286119,-0.9869852397817358,-0.39991313976219744,-0.8188745967295773,-0.666069134831108,-0.9086638247899064,-0.6218333429289201,-0.9446892787095629,-0.42170113295489325,-0.8229444685953865,0.4660724281389277,-0.6391060489949497,orchestra
-0.516873410494628,-0.8696064273011616,-0.3357225048925667,-0.8691651423690745,-0.16514837472530797,-0.64314799973205,0.2565076971334861,-0.8650484198085571,-0.12821035928822422,-0.8118284739077049,0.34734418363516895,-0.8956346678819076,-0.16349089712324,-0.8542655817636909,0.3091893318305673,-0.7159761552463743,0.32965356347263197,-0.7497978323920534,0.8235301411309898,-0.8179232912476344,-0.2384746839741334,-0.7517791962653121,-0.01991830341913607,-0.6436366130195637,0.12600971634101538,-0.7925951692695383,-0.2897867198740162,-0.771629330287871,-0.5292943388028315,-0.8920350388691818,-0.1542700260904513,-0.7895834887865787,-0.13899208051286435,-0.31952395109089937,0.3926420487655357,-0.5794691905308349,orchestra
-0.7614366533450978,-0.9739018487446008,-0.7836234418330461,-0.9456274317171519,-0.5477709076361927,-0.8119180579304262,-0.3366106233913495,-0.6929282316408373,-0.7482715629604443,-0.9559397675478167,0.8435786951598627,-0.8309018024634023,0.2641871430204123,-0.6572735814541019,-0.1200599532583359,-0.6593711989714041,0.14346502910325656,-0.804298227706477,0.5777305235520042,-0.8286511495501685,-0.23555966881769952,-0.8223147345078069,-0.38008474255119107,-0.6252733403334808,0.2119649191824316,-0.6911187210589845,-0.272273629976168,-0.8909514165132137,-0.5772652468129273,-0.9266584631295904,-0.24519212925867756,-0.8791946590237196,-0.16164821760093628,-0.6262543900427893,0.5167567369965294,-0.43425512387328213,orchestra
-0.6615145066694347,-0.9154251100348024,-0.4846587806697559,-0.8537222038329075,-0.08170287080422423,-0.3886047104600805,0.15283052632077165,-0.6064880072981255,-0.2056216706335714,-0.7290648542962832,0.45008248694281505,-0.6497745238938674,0.026743012374490505,-0.6537186772845464,0.5762727160065267,-0.22694613677825237,0.3632429645210951,-0.8061730812255952,0.6932665390593052,-0.8561210265831198,-0.1855018691688382,-0.8862170813785186,-0.08190276796818366,-0.8976278635303744,0.2069035171470609,-0.8826393971002535,0.12604961159416347,-0.631449914376741,-0.3864453970299292,-0.7952973598120141,-0.06897012810443978,-0.7060537699535075,-0.14834312967196137,-0.505867902967631,0.26255910773112845,-0.5518204052924272,orchestra
-0.2980121451185963,-0.8474814377316743,0.006180356402497589,-0.7958353425815939,-0.2856900910877318,-0.22811052112641717,0.8273732225286681,-0.759026626860486,0.41681967584721735,-0.5851447998790741,0.04792263588180945,-0.7877782991880282,0.0645254563820995,-0.9523370437625931,0.4460419283998792,-0.9808053266425294,0.21074078968011506,-0.7843991848171644,0.8558152338264924,-0.7612388725367395,-0.3078967973290813,-0.8080426182185526,-0.11352068939269015,-0.8455219565631612,0.017322420004681982,-0.8715850520696338,0.3927231743292681,-0.8211829941195469,-0.13449217202170188,-0.9160994320348697,-0.1628387098356744,-0.8512503017461083,-0.466396021525615,-0.06828748109310867,0.04825843943150937,-0.6943828547602302,orchestra
-0.5911973841283023,-0.9129282484279168,-0.46021823880142665,-0.8442616585735098,-0.05821312722423411,-0.3433395683640086,0.13293588736954787,-0.41368219293230457,-0.34305791680834197,-0.7461461860034053,0.40192882188776236,-0.5947331234731845,-0.09856500898896747,0.20937235456002345,-0.01614700998174684,-0.4780193264773247,0.09633665200814828,0.08477071314151541,0.8860915437387626,-0.163442437900156,-0.5174761615698789,-0.2994421474207303,-0.5488270557279753,-0.4519536718835213,0.03527881723258286,0.1399871630224674,-0.21734639316268917,-0.6233271550453915,-0.3760363357851507,-0.8714685032212928,-0.549215258958484,-0.6361032184321931,-0.799525284694436,-0.4975382083579287,-0.2058748345454955,-0.26282262996461037,orchestra
-0.4355114963408936,-0.9148906796939847,-0.16536613463800998,-0.8512400308031054,-0.358058697021689,-0.29036687797223415,0.5167571104327182,-0.6017232950086132,0.13943103252861833,-0.6989190171871436,0.1851034952099455,-0.8025952987071261,-0.17323516183663867,-0.7754771847895239,0.2413696861439973,-0.8412328184799877,0.06852578906014162,-0.8109384787214405,0.5001317904933638,-0.6887938578571883,-0.6523876279321136,-0.7054108920650277,-0.38598012465873677,-0.8449415887303674,-0.16970361261290468,-0.7610579660047921,-0.17730687430262737,-0.7486097155068568,-0.7324592064871627,-0.8362000058721348,-0.40061634990801753,-0.8183805662026947,-0.46808176443501537,-0.8487250255442578,-0.25732074913768926,-0.739012056349552,orchestra
-0.47501946333108414,-0.8817783278185525,-0.2925460122308505,-0.8260562495354778,-0.10570873265321801,-0.3030286358922907,0.2511361573217541,-0.5456264729472199,-0.052227133628017786,-0.6720071210093472,0.2922585424283477,-0.588515879151642,-0.24899774895431992,-0.724092112938877,0.2135351962454014,0.011828350521484454,0.06872259600041042,-0.6641884504480985,0.510804712437737,-0.6171785923430047,-0.5243889436920349,-0.5124340149179029,-0.3311091146649687,-0.6099583551837606,-0.052099000549184704,-0.6460811576522492,-0.2516006531373851,-0.869240720798253,-0.6144289732930399,-0.9746449191635105,-0.36307417240908996,-0.7912107833428951,-0.43800648957534083,-0.5716243757023207,-0.03737626504245137,-0.6200257186299881,orchestra
-0.8813307728239995,-0.9084170353374319,-0.5987562470387426,-0.6025801517230264,-0.7681064787675012,-0.6966935379152446,0.4288944075229062,0.38691142168450265,-0.325535532131928,0.1957789389576583,0.46841547210031975,-0.4662686914377968,0.635796520852256,-0.3544814643939955,0.47664654980338306,-0.059098231678358815,0.394597128533294,-0.5220979647802239,0.5738120606857486,-0.46757149127816555,0.04686342130713518,-0.5961816850697088,0.15044332058332027,-0.6478445772982452,0.29215705035749184,-0.8084914746501907,0.1954536359905229,-0.780975064134484,-0.07905458237341853,-0.9528099215193779,-0.17000234304607464,-0.9742994398015185,-0.39948927959495223,-0.9257511108118269,0.1371719713474257,-0.8473445108997071,orchestra
-0.8502724866351792,-0.9841227112530272,-0.7000292664852584,-0.9483562369752937,-0.7156395918156058,-0.5744966250746399,-0.12552383808036982,-0.7194149943872572,-0.45757678794060985,-0.9299491004578218,0.711662954147972,-0.8543477457310701,-0.0320914685492355,-0.842678656243065,0.5106474191353957,-0.9999999999999999,0.6393593528848807,-1.0,0.8395936786546603,-0.9999999999999999,0.0066673084763556635,-1.0,0.05363659241877233,-0.9999999999999999,0.34737607334371845,-0.9999999999999999,0.2353975750491657,-1.0,-0.21787591202510564,-1.0,-0.25120336032023743,-1.0,-0.2830170627598512,-0.9630415005943675,0.3117351294738756,-0.9848476740102032,orchestra
-0.4453936783100637,-0.9207206085371498,-0.2609216696276233,-0.9025008979099823,-0.036340141724350516,-0.39649384938343424,0.3990931359799208,-0.8949082256639892,0.0326872945710075,-0.8316801148878443,0.28204069591806347,-0.9278121961057215,-0.08494417171181695,-0.8697167727742849,0.4166075727367965,-0.8261233107821473,0.1557909630021547,-0.829351155978353,0.7118648163462554,-0.842309615302653,-0.4107895826920915,-0.8607745378091178,-0.19986735326624033,-0.7574162795961166,-0.0229773858526352,-0.7759751895841379,-0.19832646995228398,-0.8025059328466414,-0.5283045272879073,-0.6412086231033988,-0.23340190352459753,-0.6502236519470705,-0.22473420760284077,-0.4522890636340864,0.2260809911610851,-0.22307326707875674,orchestra
-0.6813411532672444,-0.9154676199842213,-0.4427795645147805,-0.7843887298976469,-0.23448852462095449,-0.12461701031462358,0.3630072596064364,-0.17907569761911746,-0.21727303638218287,-0.46824771942947363,0.34953755560073696,-0.5500461090342365,0.2521271089719921,-0.022172248421101326,0.1001798623185313,-0.47103809111873507,0.13051188744491254,-0.4341075475591506,0.7869695155575039,-0.5169677891484822,-0.14444361568660327,-0.5498828893729341,-0.3686053600402956,0.09615107223274366,0.47777019792928904,-0.5527648959219624,-0.1163756684904359,-0.4191984202427359,-0.27145281492601936,-0.7281165259773172,-0.25257029537551223,-0.6520572714476216,-0.6266766336940339,-0.463888895656283,0.011808860168173008,-0.30137926612372556,orchestra
-0.7510354492136814,-0.944954242994261,-0.7591204371519935,-0.922603058696039,-0.24953902065152977,-0.78217726253372,-0.33422793979469434,-0.7251030834574445,-0.6827609656579395,-0.8775737608178352,0.7551785691517754,-0.7437781709589026,0.19782940383091424,-0.8704667901164103,0.05914100295244695,-0.7468643418519562,0.19748216109103062,-0.7484839571230943,0.24029251299217835,-0.7037500556174975,-0.704364789133995,-0.7383874968302429,-0.6356829397891792,-0.7421311474025484,-0.11263726883148761,-0.854795378590257,-0.3327161090874748,-0.6073648037780508,-0.2101118925224863,-0.6273171008894477,-0.248648979649302,-0.8355498964390323,-0.17761909763327047,-0.19492373179138478,0.03093136947110106,-0.19377117253795006,orchestra
-0.8884725177765089,-0.8849564810275286,-0.565373909593829,-0.4527526288714404,-0.8452248506829578,-0.4450802738401993,0.5395547902240483,1.0,-0.19610109939929732,0.6654525485494536,0.46853484067231044,-0.15957918689586137,0.8167150446289486,-0.10596294791140326,0.4337823586116514,-0.03344092458360115,0.3622451164345291,-0.8232734169431071,0.8972597086034323,-0.5816434303756797,0.15021486201318335,-0.5373555570458042,0.043119586042894065,-0.6493105696622589,0.19378552657550757,-0.805773894307667,0.1781391108610485,-0.9052163291205637,0.020126771197799348,-0.9532833924643052,-0.0976519787654753,-0.9032111974733203,-0.20427767256750973,-0.7674005143528047,0.5009238243769274,-0.9181484104142829,orchestra
-0.9829137904188509,-0.9855930885970949,-0.8235312879174844,-0.873199772354502,-0.7173978611163054,-0.41087695036230265,-0.05812099704811868,-0.43658512314083686,-0.631304544939363,-0.6175580760457982,0.6492685190419802,-0.7111515906961542,0.4465406057741955,-0.5941980213497722,0.7345712572997455,-0.39295281058520026,0.5591522187947024,-0.735884336584317,0.7179363726982692,-0.8195913908568483,0.2439181548622132,-0.7648750217903038,0.13345209231041988,-0.7611237593183927,0.3621980712534658,-0.9114336534663828,0.32189141108817065,-0.6918823708888523,-0.13360915217982228,-0.9283879914599495,-0.15314196077522682,-0.9665111908904195,-0.37627696456184484,-0.7771549298897227,0.300867618511027,-0.8444700832983825,orchestra
-0.7044272590439611,-0.8982333461268381,-0.4243467039190887,-0.7907245619285254,-0.7940387272982443,-0.2875364055061893,0.35904404892553954,-0.3292943920347533,-0.1442366541992519,-0.6643366988948545,0.4030528851321551,-0.6248951079547055,0.04115618205543209,-0.7409397866292411,0.4631902519023484,-0.48506849135304764,0.3842407666335867,-0.8231671008553262,0.8552290629251593,-0.7277549135076813,-0.054625190545083135,-0.7491847365684274,-0.007659428133530724,-0.8531774642197881,0.2945937527387793,-0.7373367944333284,0.5179681526049416,-0.72017537792219,0.2413063628005302,-0.957096646717551,-0.04236335149384715,-0.8901058862077297,-0.49252678995057275,-1.0,-0.19931030829937707,-0.7650633898387492,orchestra
-0.588249338246743,-0.9439282489855761,-0.3321810721200902,-0.856701581399653,-0.8528305447713329,-0.16589152489563785,0.32740615815474916,-0.650043748589711,-0.033276663266462725,-0.6936751705351278,0.3689629319392269,-0.8091145003443778,-0.10459016781501568,-0.8891213579952237,0.4513216696780733,-0.22210449092075302,0.21968713660950487,-0.6742831667827813,0.7334731276507186,-0.6738086412732448,-0.15158169789622813,-0.6300192050243479,0.014833996674441255,-0.820693768662331,0.3462588502241355,-0.5723015073310814,1.0,-0.7144478263698917,0.32695699028113195,-0.8646743627925177,-0.23169647102813917,-0.881075308523715,-0.7552964586000412,-0.7843666196617072,-0.363782939676744,-0.6112118316078397,orchestra
0.0420719364716875,0.8619509543421857,0.13568553516081994,0.979114286057968,-1.0,-0.8263060817500758,0.6014917835963027,0.028572986316207194,0.18254561940383085,1.0,0.18353270149597156,0.5969280379041306,0.33356229797211034,-0.1744804559832711,0.3239209971633635,-0.34358916525922756,0.6986033959281486,-0.6923349897398914,0.4280848076514367,-0.5669760553871964,-0.21787074480004864,-0.7799285511072355,0.2160338978114087,-0.726980735872601,0.5627490157092232,-0.949879492026579,0.10109087389204961,-0.9168670377811252,-0.2552588873092953,-0.8505085460456813,-0.4438126879029771,-0.803063998971513,-0.5274601228857909,-0.7785090518586524,0.07520093456738956,-0.9280522008868092,orchestra
-0.7642186121347381,-0.9750696008340214,-0.7051671489828716,-0.9461674659532185,-0.30517528880465594,-1.0,-0.1921515868492103,-0.8423536372780891,-0.5395670406891081,-0.8794707469666112,0.6338769579286332,-0.9411092099698491,0.0645945822010145,-0.6704525428085493,0.31192200746250637,-0.7415878529031519,0.5847604330912904,-0.8352238904144947,0.42722361770906403,-0.7215532830756036,-0.4254402855265951,-0.8550617049484878,-0.15945600934336476,-0.5825483147829148,0.1788205213229191,-0.8549085810534289,-0.34233362976592896,-0.794555797044004,-0.5088913919923826,-0.8404693481207028,-0.6694302883340794,-0.727841825764129,-0.6551579826573538,-0.1827934635080144,0.14252667249952683,0.1470153230438216,orchestra
-0.5832044428297087,-0.9062167050466345,-0.5663678611837951,-0.9310786733966763,-0.022308046832416828,-0.8252616528397891,-0.1876850700992998,-0.7388201907544985,-0.3777173297064492,-0.8445676721962376,0.5583229544348998,-0.8069169353856943,-0.148298252632242,-0.789684114537744,0.46956337850214047,-0.4745977042220373,0.3943006282478977,-0.713691275216018,0.690038892779237,-0.66478603533939,-0.10061189627204245,-0.5198130264028032,-0.18719343961238688,-0.6660484082822127,0.2872059112593942,-0.6829810022541645,-0.09954252907218256,-0.699819812210665,-0.21817083096597067,-0.7328274067610637,-0.4646567263593693,-0.7974685785864037,-0.419877525027596,-0.44474966239062064,0.4653216989290331,0.22790413555725264,orchestra
-0.7130845487102299,-0.9206115712630606,-0.6746793985011845,-0.9421707569809078,0.29106130941209774,-0.496108223394486,-0.2158424873327287,-0.8714702674847707,-0.6488495976425253,-0.8328751124278712,0.355297818796374,-0.8363019532473214,0.05490707398681727,-0.5851643815076788,0.05428695382326312,0.3580954762288362,0.09839422587614718,-0.2578166932002217,-0.10979518759676599,-0.6380665588214512,-0.24614266019844477,0.35090530304266165,-0.2899635232873456,-0.239877636360057,-0.09797483366297599,-0.6992195324508448,0.21012860551753476,-0.14320687294449663,-0.0657769145459412,-0.18465563046408073,-0.028352498643713836,0.7914440433326375,0.2733709573367738,0.7275411486260304,0.3568280302568202,-0.0013775202540931009,renaissance
-0.5928374941610005,-0.6037597939079282,-0.19751114880428355,-0.21443317389321404,-0.29792920377363163,-0.5963911435211231,0.8127574793469448,0.2753322162648917,0.08729457100759364,0.3378998385537879,0.17389222978666763,-0.1469072278055179,0.5643115404228238,0.08451426048573984,0.14489203262322892,0.5127417902154994,0.2750168892220513,0.3398957128010458,0.9816774929169798,-0.089615273524432,-0.008323703520023103,-0.3244113150725709,-0.20152091490052348,-0.40642896886598967,0.2609260770534764,-0.6005589119341016,-0.27873380866153463,-0.5710232412830064,0.12406475540664141,-0.824353458613044,-0.27894700603630246,-0.541518750243882,-0.8434501195619465,-0.5056938500602595,-0.42746680858493014,-0.34111345826640793,renaissance
-0.8414698707634816,-0.5256068347746627,-0.6030190271815125,-0.20409177554052027,-0.27539100817409246,-0.731018663948138,0.28764451317341866,0.14034280697022905,-0.5472061657032756,0.2529881683805708,0.20982522183942565,0.2284011650487665,0.836530577341583,0.6295794329569346,0.8297413812343404,-0.007942188699745278,0.8010336277048675,-0.46016596959678024,0.9564303781805168,0.18801554252218455,-0.18574741705548176,0.026403201036199198,-0.2375471554079371,-0.5543157487282488,0.3546248717836524,-0.803161388190953,-0.23167903518173016,-0.5640215540521155,-0.13853057949272363,-0.6867377756339461,-0.4633819103439219,-0.5665674340777541,-0.9017058439066439,-0.8181856515566649,-0.5635349166033946,-0.060848135719919316,renaissance
-0.5172678673379352,-0.8559632775069179,-0.2478867101912392,-0.599474722708299,0.10612637003114322,-0.6712213114733587,0.5336998787281524,0.2700863968321454,0.07178964071177596,-0.13659999420127544,0.21662702428634817,-0.06925633517514118,0.10429612774802746,-0.19631796141532076,-0.04538739219247788,-0.18774677305255527,0.09740842734116872,0.4634678655421176,0.5159177496058054,-0.3801708676910869,-0.20934917516241258,0.0475205971870718,-0.532380455952947,-0.016712656211440358,0.10320501136079896,-0.32828049681425675,-0.024041292126411012,-0.5880671911051304,-0.07315568164388661,-0.7986966332164941,-0.18723515049634767,-0.21673867244600586,-0.7723965260402762,-0.1872907080275077,-0.035768653393689454,-0.4211872548645308,renaissance
-0.3203093372086986,-0.5838337517008495,-0.23394910912354927,-0.19482209857660715,0.26615902920054335,-0.40179151326485263,0.18952175175326902,0.887870711447825,-0.04145982092258871,0.30594852677084816,0.36175513904669154,0.23126330640648174,-0.05897305705843797,0.13753786701373416,-0.16046642379579676,-0.1596414674705806,0.18664134437353203,0.07829832861062203,0.7936780154540339,-0.4947826341549415,-0.04277995118411211,-0.1407499800148131,-0.6603104845111271,-0.44764701043302124,-0.11004339448424472,-0.5434932127554855,-0.19563665704005168,-0.5305655415553084,0.19727430773435933,-0.5593550911082303,-0.020921377788845785,-0.3849191356878723,-0.4102004581550792,0.34462967161151137,-0.3806026082782866,-0.007185311023953478,renaissance
-0.3331395650594279,-0.6733038549415453,-0.06789848734495196,-0.3491708109307987,0.202567093465146,-0.38471466947655797,0.6462969676139343,0.18218358429490378,0.18150289017341037,0.08259849895186622,0.08824410455930853,-0.223310493555398,0.06480961223769738,-0.35298697048931604,-0.09128345899384858,0.3925794748873217,0.09196653690561801,0.08642294713883958,0.718366078276865,-0.24296493722641177,0.05613059230920356,-0.2551453169875033,-0.4274764079405942,-0.20611098786567061,0.3102346079576882,-0.4551255890594872,-0.31367147579225096,-0.4216608660914545,-0.18237106714619072,-0.498402119642375,-0.059833811032864476,0.39428899637757886,-1.0,0.12875602747037096,-0.5228799612386807,0.07103828584837246,renaissance
-0.6841438729433746,-0.8854446385849772,-0.6045882653018305,-0.7190683279340705,0.2501746959175737,-0.13545402556125374,-0.10517763039942296,-0.1789250828048774,-0.3987305905020968,-0.49218702264922853,0.5817577402854819,-0.4129350819373503,0.021079217486023927,-0.57721601573813,0.40531228382527895,-0.5533186687729794,0.4048281719323998,-0.7951263632184109,0.8558622319677197,-0.464183131293878,-0.48864492462148734,-0.6217911929086045,-0.3563980801577493,-0.39496490437587606,0.09761845954622744,-0.5290317732204944,-0.5717474037388092,-0.5675988659379567,-0.49394240033212566,-0.7311774382480768,-0.33353052393989324,-0.6323538342580832,-0.9230910929766024,-0.46463726582169884,-0.47194245830105497,-0.35621172704724113,renaissance
-0.5877095551980069,-0.9041004616815316,-0.20834714727119663,-0.7800970385483108,-0.1062526878445551,-0.6293674690729261,0.6768974165174653,-0.35383653045122965,0.1009633911368013,-0.5289954781765013,0.1754704925172652,-0.7160644063827022,0.11817646425487072,-0.5099585615858024,0.24819807468270805,0.08313619619629686,0.23200328700797979,-0.07284566949885751,0.30234568732347816,-0.5610187976786621,-0.35676827903274877,-0.34551168945304656,-0.4104323795073272,-0.4253593226107262,0.05184578275106799,-0.37832742817445997,-0.3526996840934043,-0.6582991623767585,-0.24024048721475644,-0.7257536615233452,-0.200203254433331,-0.4255708121611119,-0.6274154527601622,-0.0026109663694116048,0.08433477411651896,-0.2182002446816773,renaissance
-0.7533814293870347,-0.8049978145623169,-0.8858652192507588,-0.7106865037821346,0.8480984699596634,-0.5746471261730686,-1.0,-0.47667873548092254,-0.7353734557406778,-0.6033031977138982,0.9064695347457461,-0.3691204592427315,0.03319529849651853,-0.19666595132189202,-0.20185663365391793,0.3088838409232453,0.4455975792276091,-0.17875063918217693,0.002465648217895855,-0.5218327589184203,-0.3121041645034657,-0.7530204562316933,-0.4511770060359997,-0.1879024398510183,0.12844783600538334,0.029721429524884213,0.12355057795586269,-0.6364481807531845,0.07486683710825029,-0.6764313653515129,-0.6243121877676361,-0.35246532980621614,-0.43032125783143005,-0.25998003202313136,-0.5378193088140889,-0.4132764797643278,renaissance
-0.5946436912856178,-0.9172890069514132,-0.6528939040121047,-0.8661447621097388,0.8975491529999946,-0.7683870417897531,-0.1649934859584068,-0.5684242368262551,-0.6955457327439647,-0.8662567207473806,0.5043299976459656,-0.431193216330912,0.31696406902632973,-0.8532393326147123,-0.31227745269613155,-0.5937387556584734,-0.19740160781969784,-0.4351831543734461,0.9646835187972627,-0.6156762147613516,-0.3121302116702883,-0.705988639908813,-0.7825204455411993,-0.4614033749801938,-0.6968068264684069,-0.6134503126663836,-0.5717450583464153,-0.6674402898615208,-1.0,-0.7519509479442913,-0.49320394322401667,-0.04535039191465007,-0.05751771731774083,-0.4365512970371579,0.5625321513586156,-0.49728828303583716,renaissance
-0.7208906420304146,-0.9045710059771881,-0.8054454231318232,-0.8291008201154074,0.8177788568081175,-0.9352719385023076,-0.4975244494966624,-0.08081484279251616,-0.7958064150515698,-0.9198008216995063,0.6585201192136145,-0.06854008194375893,0.4932313671883287,-0.8905170192917183,-0.33002257583275874,-0.6135488092318531,-0.06014448024538677,0.43478064689055196,0.7680823295840296,-0.5076448041580334,-0.21777982025381631,-0.528231686383817,-0.6327847308901502,-0.5784556077555439,-0.4042701450564451,-0.5781960798319606,-0.35116503846643615,-0.6948416195979659,-0.8028202385579343,-0.6527701067420982,-0.7554380743301891,-0.9296636976555992,-0.2531072244811959,-0.8516809699376052,0.23717847039188308,-0.17532439704418357,renaissance
-0.7098458504178128,-0.9866079264006942,-0.6685370138624509,-0.9371905583699236,0.051303168177349256,-0.3126377867937724,-0.29087841296575534,-0.5949738075740547,-0.5695568400770713,-0.8183781675445476,0.5688225208126274,-0.830550240556431,0.027149326507401816,-0.6723661406825729,0.22743750902401705,-0.5881637291915052,0.1760584892317714,-0.6072230927436518,-0.36040965520809887,-0.7792425764592149,-0.7234158306980741,0.2961594094658675,-0.41291847070116455,-0.04815261082567246,-0.29114628371998286,-0.7281533221333342,-0.04728043666634843,-0.37841818862923426,-0.09226421312046251,-0.5623923752804978,-0.7283443848044904,-0.37291491468818316,-0.12858806096196304,-0.44628249590605074,0.48028768519320447,0.06680497313536171,renaissance
-0.6793065863912388,-0.9488325044178517,-0.7341133152193744,-0.945966308648751,0.6623388053192363,-0.5652159562828505,-0.26655814326055594,-0.7088557186094048,-0.7399297291170804,-1.0,0.6388931121575363,-0.6282181976870758,0.3581046957596365,-0.70399811347339,-0.04068297073855556,-0.5771101017105607,-0.12420303169484559,-0.5048878422748951,1.0,-0.21252364864500883,-0.037706349766270686,-0.5385498169700437,-0.3327060663340288,-0.3346250964509834,-0.3314764117581982,-0.737600717559255,-0.06633625599740395,-0.7775718953987211,-0.3846999207117221,-0.5821484800743911,-0.3733983737617116,-0.16534960089816897,-0.44345787874450754,-0.13170005439362154,-0.36450222125653564,0.17087366978110996,renaissance
-0.44410650334769286,-0.9353771839589485,-0.380242807861809,-0.9348591594920272,0.7901706440413694,-0.32992002865220327,0.14658456215296178,-0.8962283630385599,-0.37821602629491113,-0.7038678282108817,0.16742377430766875,-0.7798308639006418,0.06674058858006482,-0.7983186300688242,-0.2397455906141564,-0.17490122981506273,-0.2008409731927593,-0.3008182446380874,0.8682442144166307,-0.6892987833150456,-0.05308928863822461,-0.16936001090803665,-0.5160522208850965,0.4979031672928542,-0.3696460180283415,-0.7528512440311698,0.5172645978785844,-0.0016972651891342672,0.18485057491811255,-0.06476073928983217,-0.4569625504803153,-0.1270090699030968,-0.798951995641486,-0.041870868143373485,-0.5570314666732352,0.7600808550519147,renaissance
-0.5646026885348002,-0.8991369420888115,-0.4838223504397875,-0.9424683192692684,0.028177316659672158,-0.32581231900440333,0.07833951529897254,-0.8375748673230995,-0.46240507763799166,-0.6424419673333218,0.4202587214762106,-0.8166236952726573,0.10901213723541389,-0.9966435140037878,-0.31683205213872584,-0.802076452800929,-0.802830659911905,-0.8082576592465335,-0.4607804827050428,-0.7330073271454967,0.3381675719307985,-0.625926415050696,0.25052564028623686,-0.7286289607133526,-0.8120781288543375,-0.7408490520794925,0.07344257925624269,-0.7527286879072013,-0.47513128363298485,-0.9306492333893794,-0.18875306781562923,-0.978444556749493,-0.4526095367587943,-0.7213198565732087,-0.02522364667755514,-0.9249827510354013,renaissance
-0.4588467327554886,-0.9862402162489218,-0.4034212706388993,-1.0,0.3147370423460538,-0.39033202347057694,0.0013090448485217898,-1.0,-0.524538138955004,-0.8474070544021018,0.22817566902781494,-0.9716750972559198,-0.1954236990941739,-1.0,-0.8504946242570643,-0.7231064268594177,-1.0,-0.8353288450290435,-0.14227739243388482,-0.6530384431230122,0.3494975252299299,-0.7108092609754617,-0.3516621221575956,-0.3667818594687384,-0.972222535155598,-0.914309416236287,-0.11226577929062947,-0.7572807996303597,-0.2770020286125445,-0.6545796086929546,-0.2549839382281142,-0.3874827745815701,-0.4737685530828467,-0.16047412421629592,-0.16702534860026508,-0.30221285754253113,renaissance
-0.48068718534281396,-0.9744895956559259,-0.39755361207964324,-0.9698466763422827,0.2122828922093145,-0.22703297302741365,0.07867267662545663,-0.9277892749913379,-0.4324606143035249,-0.7476634168312848,0.2137568132269998,-0.9050849338204342,-0.16977182005421787,-0.8813238299185406,-0.7630517674691119,-0.4886665284284144,-0.8710322603809211,-0.9057129026054209,-0.3933574077123285,-0.7775422454293873,0.3863018988630613,-0.562122067210421,-0.45279643816684567,-0.6602955920608374,-0.9832323942433736,-0.8509030911580591,0.09205571235394389,-0.5337442734458342,-0.5339577622758206,-0.5171474696049558,-0.25946637488000673,-0.358421102712021,-0.6914712910134662,-0.1630973972574068,-0.5783431517549943,-0.8654471446618671,renaissance
-0.7477552291482845,-0.693993633051389,-0.6662516561744464,-0.5593805197662285,-0.13016394261153952,0.6991900069584664,-0.10343370110211447,0.7276511491439333,-0.45977558653519224,-0.14849733000129928,0.5239532127399948,0.6237776704669027,0.44578346585421813,-0.016501636935595032,0.13035512513877495,-0.4402499932272219,0.03871154452965586,0.793876684902481,-0.01584288753015617,1.0,0.5501578991091408,-0.84587243998669,0.23740654790661458,-0.5110727492077249,0.007220362864469698,0.4781352713051932,0.05211509446872789,-0.46166221504451144,0.08177503595424229,-0.7409826064943206,-0.5778913444554059,-0.03644216678405732,-0.21258714383201088,-0.4086850593123996,-0.21867734762033275,-0.351974735320878,renaissance
-0.7179218352623656,-0.9344013192694284,-0.7282022838405249,-0.9046981599889059,0.4949872822730015,0.46204607048320057,-0.5602612808228906,-0.5792703638524217,-0.5791680834183385,-0.7535359717685497,0.8003612328803871,-0.4406414885750237,-0.23709704414742416,0.11835012715004489,0.4645149370592411,-0.394503723354231,0.18342736229858453,0.31472971727669496,-0.1796368956136093,-0.13909961409765104,-0.14338907627213207,0.36454766682963524,-0.6239961274988934,-0.3098056329117269,-0.4925399548038887,-0.5270170521816431,0.17314540267743578,-0.3585628240222756,0.19195035471826669,-0.7713053310963777,-0.43739418015929543,-0.5752257404348267,-0.6180897495557323,0.31004588124687227,-0.562942953806748,0.10039609927912574,renaissance
-0.7144962889915398,-0.9199791731984459,-0.8282788416993194,-0.8753022730567899,0.6344956905873937,0.0017212397711707794,-0.7565612242106934,-0.039416477502344005,-0.7660432959310892,-0.732380975953336,0.8562686572164955,-0.5221949850940873,0.2899617993983417,0.14514522722139467,0.0873664522086268,-0.7110018221051394,-0.13268283301069284,0.09156639148643064,-0.14170862886961022,-0.24489720760126854,0.38357413562467463,0.022739672044329584,-0.004513337796858613,-0.531860702810022,-0.5754173252304213,-0.7061192436668821,-0.951188538161134,-0.3615268233521556,-0.13022115099652748,-0.6764850577485276,-0.5676025913263822,-0.5178556077560068,-0.596391626200455,0.1186713469867755,-0.45518060164638163,-0.3426161162274812,renaissance
-0.6037784813411531,-0.9554747509795992,-0.5013660617783462,-0.7905163336334929,1.0,0.84596209259806,-0.2167785212668465,-0.03943139210632873,-0.1841323812762099,-0.4367578793581224,0.46149400620366876,-0.48987372128102136,-0.2243940838661308,-0.21829210651659436,0.5841261019253016,-0.46708778860228417,-0.25207388783598383,1.0,-0.37146954156653456,-0.31174448092948315,-0.08743952711223046,0.47496565875060814,-0.02856743282300353,1.0,-1.0,-0.6517290370433592,-0.4735960041362324,-0.4211370039274762,-0.24590807640486223,-0.8654163667654894,-0.6385953759532679,-0.4991670704396285,-0.32824251626777035,0.6289571564757155,-0.3583133112336897,-0.5516872027437179,renaissance
-0.7319769554159963,-0.9429476427847596,-0.6949718451727946,-0.8207568437085238,0.9674418076497338,0.9572343267381047,-0.5409254108980799,-0.5833730995260226,-0.5064490536098833,-0.7032776344201968,0.18883704523440792,-0.7828290639407053,0.06765059975475529,0.14953693129018242,0.3890897874537459,-0.24887097509428635,0.49427037522427497,0.1327477412853133,-0.28160431193118685,-0.07247454770394168,-1.0,0.5732140422591265,-1.0,-0.20081422583368957,-0.47907019707381426,-0.7345047281901119,0.14403320288745775,-0.3019979577136187,0.20378345413438548,-0.461573534301581,-0.6334320063466696,-0.029101431790264032,-0.19020214117142098,0.9311778688574737,0.19024427384792714,-0.5686090278421834,renaissance
-0.6959983391290807,-0.9816073475707446,-0.5289236813067822,-0.8430930180384959,0.04241994003764926,-0.04739373433561678,0.052821558310526484,-0.2021942871231337,-0.3872379009407232,-0.48220504365446515,0.3386762273349051,-0.752596256067604,0.01471348548646123,-0.5885283396563077,0.08536433721788744,-0.43441085435361604,-0.22456442974761126,-0.2463218219026042,-0.2167794584251408,-0.3733404687984645,-0.9847830820026853,-0.6018722251897958,-0.5730070529497502,-0.26447621785509456,-0.3679241751185648,-0.7657634092305456,-0.6667013854315404,-0.4989905727322562,-0.733111680279663,-0.8319890276792754,-0.8534763202589201,-0.6763066437316319,-0.7975665505411038,-0.27633313963522044,0.17840381570068262,-0.19726446310082735,renaissance
-0.6627809207453158,-0.950366483367042,-0.5105829525662661,-0.9133960137365734,0.6630109894843486,0.9658145898720925,-0.20478405270282884,-0.47683319998239926,-0.16323246061430363,-0.8548337401831942,0.4844820014085036,-0.5786174144843091,-0.30495116603545525,-0.4677390854635568,1.0,-0.2137624548327639,0.3776721551298788,-0.6419507709943489,-0.19160871781839306,-0.5183567333470186,-0.7189286530782512,-0.46767061945562094,-0.6584676907433117,-0.5931321822152804,-0.6504483675592792,-0.5235794947469357,0.5529669733522415,-0.6097654575501606,-0.14669042149675188,-0.6750351194269845,-0.8292297831745038,-0.7291220650978222,-0.7595904043331931,-0.5220415358741075,-1.0,-0.5107239909048997,renaissance
-0.845642808947942,-1.0,-1.0,-0.9800633403211269,0.9724077988377564,0.09509898877757639,-0.9087727166545887,-0.727635791618976,-1.0,-0.9386984466882808,0.37529528835868087,-0.6974715546095734,0.7797302006490304,-0.44278054548915835,0.6875488204714054,0.3620675779930782,0.7653776200740183,0.22907977542169977,-0.0343641279640875,-0.19913720511781197,-0.44288908162664875,-0.7068942994913578,-0.3300304847506226,-0.3175876143209895,0.009438687377987809,-0.5626325117794474,-0.645546136575205,-0.6759965873973829,-0.7353632274133722,-0.9410876773795378,-1.0,-0.5762625983761636,-0.30955607491720605,0.35221004513283316,1.0,0.8785658727860117,renaissance
-0.8786318575803186,-0.9918755532737551,-0.9200726540832903,-0.9201619510632385,0.43918034782644444,-0.008708305897247026,-0.6952324834632442,-0.39544130433111846,-0.8181344213986173,-0.7579085224203514,0.6607869329186202,-0.826715501957479,0.23736591426009518,-0.3393429788496326,0.7726731591921189,-0.5803597736039423,0.9355523279902513,-0.3916269685154763,0.11970298625938197,-0.36634052696529507,-0.517514596972371,-0.6695574148786195,-0.6120037685931993,-0.393513312695545,-0.3878026863496702,-0.5745922121224879,-0.28411162277783164,-0.6572099569609219,-0.26735697909383116,-0.5776224197673978,-0.8652619913568472,-0.4338613319521962,-0.506938943038461,-0.8015831281689932,-0.04587550010355196,0.4237286431381635,renaissance
-0.7837753672081798,-0.985848953369166,-0.5215547478491862,-0.7820817070210928,-0.130886640665814,-0.3923482131678768,0.2218966876877757,-0.015769348731026644,-0.20419358494843043,-0.3039969072892126,0.33626240923124184,-0.5220150908456686,0.20387895020216495,-0.4360815526290652,0.5999739365299857,-0.6869472955976843,0.06968197816240562,-0.5517300088896133,0.1850653204002271,-0.17702121752594202,-0.7895010478868036,-0.7864264346919035,-0.24209964099974535,0.05030310442088015,-0.3364548226744387,-0.18240857870990457,-0.26601956679126365,-0.7249979582328072,-0.22692177075993897,-0.5677207875355214,-0.5430337788603229,-0.5289001321154523,-0.8780673365962355,-0.669298343999438,-0.11157179894915342,-0.7595286445878469,renaissance
-0.7219909690143769,-0.9376140205170697,-0.6135097108397233,-0.7775329553314068,0.3636597292426824,-0.4152718404932436,-0.08985425758825083,0.09644704644656255,-0.5245154709282558,-0.3122893791673087,0.2731882624740001,-0.5496384365589372,0.18335636255335064,-0.472044804742487,-0.024295226090487024,1.0,0.049812224663497495,0.6389678506143,0.00544604986199948,0.6208804964448129,-0.013626548727468928,-0.06933164515494594,-0.3812106194830585,-0.11922985085934545,-0.2494191587049952,-0.5902478914905556,-0.23127568066697046,-0.438870581180539,-0.09469297463266499,-0.44855272759081677,-0.16558164782126805,-0.24932439344430812,0.27129021715877655,0.4845969134474333,0.9692756976564288,-0.08451367396308251,renaissance
-0.895551980069549,-0.9628644124769788,-0.6545250051880266,-0.6652062792989484,-0.13628697009941604,-0.5818084629376088,0.26573621399463887,0.34110707615072244,-0.4800861385016435,0.02684940557606108,0.29862907551885876,-0.3658176492316665,0.7629448096277676,0.022101811979372776,0.654688454200601,0.6031316121974362,0.1461196810311159,-0.04102677502221641,-0.046444113706520684,0.3384493531303132,-0.13834445837695653,-0.29545716214041917,0.10243414790334815,-0.402885345987952,0.1403718632013875,0.17922449316491051,0.045946759201295206,-0.6144189802820137,-0.26523469225390117,-0.497250376615605,-0.43347297187423706,-0.7342955943371285,-0.3070358520314338,-0.7658342568338998,0.2302151768226922,-0.5873046062485616,renaissance
-0.5616546426532412,-0.8967845018521095,-0.6360934230214492,-0.9436448114765317,0.6571251851427924,-0.31297332875500894,-0.41073228896997027,-0.8607160671019269,-0.7108013147455514,-0.8737793884446136,0.28350043270784564,-0.7507199005560584,0.07302472323329715,-0.07162721174573261,-0.43558777879685806,0.29944482143485285,-0.22673827789616263,0.016180403738289773,-0.32915879807809,-0.27434141264672784,-0.032098208072416895,1.0,-0.5700699233538634,-0.09110193732793714,-0.43748220617033673,-0.4449166547989525,0.2565897586363054,-0.49706566994719814,0.4171077585260957,-0.9382061309987448,0.612811908191333,-0.28050951134679614,0.9999999999999999,0.2878763278427241,0.9133530978762562,0.4232601589109135,renaissance
-0.9838272694244043,-0.9707557533751336,-0.7531948510425048,-0.7516415065199321,-0.594737614764699,-0.6102559520474262,0.35916778117699133,0.5117586542036394,-0.5232233934036044,-0.11248444305597771,0.3150716617852174,-0.01763051664739601,1.0000000000000004,-0.25156325118548284,0.8251289880417391,-0.324910099082095,0.4113440841530084,-0.1398240604387757,0.4530755137359469,0.2547210017770918,0.10812312341320465,-0.35955171137650876,0.25061129559866047,-0.67974395471161,0.4574754127720946,-0.6378710151983187,0.2708578627894391,-0.4522982553750975,0.021911022305247135,-0.5072515043621255,-0.25162081229576455,-0.5181105656820619,-0.0930181097377341,-0.6261843493420303,0.5948901046175585,-0.6647722283228151,renaissance
-0.15793844397155743,0.5498947782514143,-0.2197564517386532,0.7432353744369689,0.06436571007009562,-0.5532056714948026,-0.07659154317595385,0.4156735126558808,-0.16037628924402147,0.8458794206540552,0.43891567386779173,0.6937522005052443,0.1495605556614729,-0.3934831117227976,0.17047869722949388,0.1086043554106999,0.6197681805636526,-0.43954468080979203,0.4326370347649108,-0.6638882422741069,-0.4074609125369807,-0.39729237053158817,-0.24516721937609665,-0.49567516626612207,0.20547928710213986,-0.44586558195226633,-0.3124764300197313,-0.5818665830270752,-0.09661190984724252,-0.6724654748218096,-0.23309487213513422,-0.6215273480970508,-0.5722143035377989,-0.30188125842915503,-0.6074305427559548,-0.4604408651335483,renaissance
